barcode,zscore
TCATCTTGCAATTC,-0.47484
AATGATAACTCTTC,-0.47484
TGTGTATTAGCTCC,-0.47484
TCTAGTGGTACTAC,-0.47484
ACTGCCCCCGCTTA,-0.47484
ACCCAAACGACCTC,-0.47484
CCGACGAACCTCAA,-0.47484
ATCTAAAGTTAAGT,-0.47484
TGAACGGTCATCAT,-0.47484
TCTCAGCGTATAGA,-0.47484
GAAAGGCACCCCGC,-0.47484
CTAGTCCAAGCCTG,-0.47484
TCGACACTTTTGAA,-0.47484
CAATTGCGCTAAGT,-0.47484
CCGGTATGTCTAAT,-0.47484
GTTTCAACGATACA,-0.47484
CTAGATCCGGTCAG,-0.47484
TTGCGGCGGATTGG,-0.47484
ACTTACCGGGTCAT,-0.47484
GGTCTGTGCCGACA,-0.47484
ACTGAACGACGACA,-0.47484
CGCACAATCCGGGC,-0.47484
CGGACGGGTAACCA,-0.47484
AGTCGGTGCTCGTA,-0.47484
AAGCATTCCGTTCA,-0.47484
CCTCACGTTTGCCA,-0.47484
GTAGCAAAAACGAC,-0.47484
AAACCGTCCCTCGG,-0.47484
CCCTTCGTCTAGGT,-0.47484
AATCTCAAAGTCAT,-0.47484
ACATAGTAGAGACG,-0.47484
TTAGATGGAAGTGT,-0.47484
GTGGGGTTAACTAC,-0.47484
ATCCACAAACACCC,-0.47484
CTCCACTAGTGTTC,-0.47484
GCAGTGAACCGAAG,-0.47484
AGCAACCCCCCGGC,-0.47484
CCACTTGTGACGTC,-0.47484
GCTTGGAGTCACAT,-0.47484
AGTGTCCGCTTGTC,-0.47484
CCACCAAAACTAGG,-0.47484
CTTTTCCCAAGATT,-0.47484
AGGCGTGAATCTGA,-0.47484
CCCAACTACTATGC,-0.47484
ATTTTCCGCCAGCT,-0.47484
GTACCCCACACGAA,-0.47484
TGCTGTTTTAAAAG,-0.47484
CGACCTGATTATAG,-0.47484
CTGAAATGTGGAGT,-0.47484
CCCAACGTGACCTT,-0.47484
GTCGCGGCGAAACG,-0.47484
ATCTGGTGCGATTG,-0.47484
GACCAGTGGCGTCC,-0.47484
AGCCATTCTAGCGT,-0.47484
AGGAATCCAAGCCG,-0.47484
ACAACCGTATCTAT,-0.47484
ACGCAGCTAGGATC,-0.47484
CGTCGTAATTCGTG,-0.47484
ACCCACGTTAGAAG,-0.47484
CCGGTGAACCATTG,-0.47484
AGGTTCTACGTTAA,-0.47484
GTCATCTGTCTTTA,-0.47484
ATATGTTTTGTGTC,-0.47484
ACCACAATGGCCAG,-0.47484
GGTGGTTCCCCACT,-0.47484
ATTGGAGCTACTTG,-0.47484
CTCACAGATGATTC,-0.47484
TACATATGTGAAGT,-0.47484
CCTAGAACGGCTTG,-0.47484
TATAGCATGGCGGT,-0.47484
ATCTCTCTCCTAGG,-0.47484
GCCCAGCCATGCGA,-0.47484
CCCCTATCCCGTGG,-0.47484
AAGTCGCAGGCACA,-0.47484
TTCACAAATATAGG,-0.47484
CCGCATGGGTCCAC,-0.47484
CCCTTATCGCGTCT,-0.47484
GGGCGGGCACAACT,-0.47484
AGCTGACCCGCGCC,-0.47484
ACCGGGGTGTACGC,-0.47484
AATAATGGGGTTCT,-0.47484
ATTGATTTTGGTCG,-0.47484
GCGCTCCTAGCCAC,-0.47484
AACTTTATGTCATA,-0.47484
GACCTCGCGTTCCT,-0.47484
GCCGGCCCCAGTTA,-0.47484
GTCATGGCGAATTT,-0.47484
CTAGATAGTTACGA,-0.47484
ACACCATCCTGCGA,-0.47484
CGACCGTACTTTAA,-0.47484
TTCTGATATCCCCC,-0.47484
TACTTGTACGTATG,-0.47484
GGCTGACATGTTAC,-0.47484
ACTTTTCGGCATGT,-0.47484
AGTTGGTACCAAGG,-0.47484
CGCAATGCGTGTAT,-0.47484
AACCTAATTAAAGA,-0.47484
TATAGACCTCAGGT,-0.47484
ACACCAGATGCAGG,-0.47484
ACCGCTTGATTAGT,-0.47484
CTTTAGGCCCTTAA,-0.47484
ATTGTGAAATCTTT,-0.47484
GTTGGCAAATTAGC,-0.47484
CCCATGTAATCTGT,-0.47484
TAGTCCTGTTCCCA,-0.47484
CGTGAATTGTCTCC,-0.47484
AGTTGACGCTAGAG,-0.47484
ATGTGTATGGCTTG,-0.47484
ATATTGCCCACTCG,-0.47484
CATAGTTCAGCACT,-0.47484
ACTTCACTCCCTGC,-0.47484
TAATCTTACCAGCT,-0.47484
TACTGTTCCCAGAG,-0.47484
TCTGTTGATTAGTA,-0.47484
AGGGAGGGCGAATT,-0.47484
ATTAGTGTGAGGAC,-0.47484
ACACAGGCTATGGA,-0.47484
GAACTGTGGTCCAA,-0.47484
CCGCAGTGCAATAT,-0.47484
CTCCCCCTCCATTC,-0.47484
TGGGCCTATAGCTA,-0.47484
AATCACGTCGCAAT,-0.47484
ACCTGATAACATAC,-0.47484
CCTAATATCCATAC,-0.47484
TCATCGGAACCCCC,-0.47484
ACAAGCTACGTTAC,-0.47484
ATGTGTATGGCGAT,-0.47484
TGGCCGAAATGACT,-0.47484
GGTGCGTTTTAGTC,-0.47484
CCATCTGTCAGTGC,-0.47484
TGGAGAACGCAGGT,-0.47484
CCAGCAAACGGCCC,-0.47484
ATATACCAGGCTGC,-0.47484
TTATCTGAATTACA,-0.47484
ACTTGATGTGGCCT,-0.47484
AGGCGTGTTCGGTT,-0.47484
CCAACCAGACTGGG,-0.47484
GGATTCCTCTTTTG,-0.47484
AACGTGCACGCCGA,-0.47484
GCTGAACAACTATA,-0.47484
ATCATAACGCGCCA,-0.47484
GTGGAGCATCGCAA,-0.47484
AGCTTGTAGACCGG,-0.47484
CTGTACTGTGTCCT,-0.47484
CTCGGATTCGACCT,-0.47484
GCTCAACTTGCTTC,-0.47484
CCATCGAGATTAGA,-0.47484
CCGAAATGGCCTTT,-0.47484
CCCGGCATAGCTAA,-0.47484
TCGTGACTGCGTAT,-0.47484
AGCCCCCTCTAGCA,-0.47484
CGCAATCAGGTGTA,-0.47484
CGGTATCGGTCTTC,-0.47484
CTGTAGCCCTCAAA,-0.47484
GTCATTTTGATAAA,-0.47484
CTCTCGGGAACCGT,-0.47484
ACACAAACCCAAGC,-0.47484
ATAAGTTTGATTCG,-0.47484
CTTGTTTCAATGGG,-0.47484
AACCCCCAGTGAAC,-0.47484
TAGATAACTTTGGT,-0.47484
TGCCATTTTCCGAC,-0.47484
AGGAGTTCCAGCTG,-0.47484
GAGTACCAGTAGCG,-0.47484
CCCAGTGTACACAC,-0.47484
GTGAACCCTACATG,-0.47484
TGCTTTCTACTATT,-0.47484
TCGTATAGCTGGAT,-0.47484
GTCAATTGGAGCAA,-0.47484
GCATACCCTGAAAA,-0.47484
TGCGATCATACTCT,-0.47484
AAGCACAAGCTGGG,-0.47484
GTAGCGGTAGACCA,-0.47484
GATAGCCTTGAACC,-0.47484
ACCAGAAATACGAT,-0.47484
TGCAGATTGGGCCT,-0.47484
CTTTCATGACTCCT,-0.47484
AGGCACTTTAGGAC,-0.47484
TCCCGAATAAGTTA,-0.47484
TTGTAACTTATTCC,-0.47484
GAAGCAAGGGCCAC,-0.47484
TACTCAGTGCACAA,-0.47484
ATTGTCCCGTAGAT,-0.47484
AAAGTACCGCAATG,-0.47484
GCGAACCCTGCCCC,-0.47484
TAGAGAGGCTGGCA,-0.47484
TATGAACACGTGCA,-0.47484
GTATCCCCCGCACT,-0.47484
AATGCGACGAGCGA,-0.47484
GGGGGTTTTAAGAC,-0.47484
CAGTTTGCTGGCCT,-0.47484
TGAAGAAATAGTCG,-0.47484
CCGTTCCCCGACTG,-0.47484
GAATATCCGGTGGG,-0.47484
TCTGTCAAGACCTT,-0.47484
CCATGAATCGTTCC,-0.47484
GACTACCCATTGAA,-0.47484
GCACCGGTCATTAG,-0.47484
CTGCCGTAAATGGG,-0.47484
ATTAAGCGGTGTTT,-0.47484
CTTCCAAACTTGAC,-0.47484
TAATCACCACCTGC,-0.47484
GTCGTAAAGGCCTC,-0.47484
AATCTCCCAAATCA,-0.47484
ACGTACAGATGCCT,-0.47484
TTAAGTGGTTATGA,-0.47484
ACCAGCTTGCGAAG,-0.47484
TCAATCTCAGGCAA,-0.47484
ATTAAACCCCCGGA,-0.47484
ACCTCATACACATG,-0.47484
AGGAGGGGCCACGA,-0.47484
AACGAGCGCACGTC,-0.47484
TTCCTACATGGGCA,-0.47484
ACTACGCCACTTAG,-0.47484
ATCTTGAAGCACCT,-0.47484
GCAGTCCTCTCTCT,-0.47484
GTATGAAATTAGAC,-0.47484
TGCGGGGCGGGTGT,-0.47484
TGGCATAACACAAG,-0.47484
GCCTCAGACACAAG,-0.47484
CTTATTCTTTACAT,-0.47484
AAGTTAGGTGCGCA,-0.47484
GCCCTAGACACGCA,-0.47484
GGGTCGTACATTCC,-0.47484
TAGAATTGAGCCAT,-0.47484
ATGTATTCACAGGC,-0.47484
AACCTGAAATACTT,-0.47484
TGTCTAATTTAGCA,-0.47484
CTATGATTTAAACC,-0.47484
ACAGGAATAGCATA,-0.47484
TTCTCTTGAATGAG,-0.47484
ATGAAGTCCCCTCC,-0.47484
CGAGACCGGAGAAG,-0.47484
AGTAAGGCTTAAAG,-0.47484
TCCATTATTGGGAC,-0.47484
GTCTACCTACACTT,-0.47484
TCCGTTTCGCGGGC,-0.47484
AGGCTTGGAACTAC,-0.47484
GCAGCCTCCCTTCT,-0.47484
TGCTTAATCCAAAA,-0.47484
TTTTATTGGTGACC,-0.47484
GGTTTGCGATATTA,-0.47484
CTGCTGATAGGACA,-0.47484
TGTTGAAGCTGTCT,-0.47484
GTGCATACCCATAG,-0.47484
ATATTCTATGGGTG,-0.47484
ACCTACCTCCACGA,-0.47484
AATTCAAAATTAGT,-0.47484
ATGTAAAAGGAGGA,-0.47484
TAGTCGTAAGACTG,-0.47484
TAGTCCTATGTCGG,-0.47484
ATTCCGAGACAGTG,-0.47484
GTGTAAATCTTTCG,-0.47484
GCCGGGAGGACGCT,-0.47484
TAGCTCAACAAAGC,-0.47484
TTGGAGCATTGGGC,-0.47484
CATTACTACGGGAC,-0.47484
TGCTCCGACACCTG,-0.47484
TTGAGACCGTTCGT,-0.47484
CGGCGGACCCGAGG,-0.47484
GAATCACCTGGGGG,-0.47484
ACCTGAACCCATTC,-0.47484
TCTTTCCAATATCT,-0.47484
ACCATGTACTGGTT,-0.47484
GTACCGGCGGGGGT,-0.47484
TTTCAGGCGAGTGT,-0.47484
CATGGTACACAACC,-0.47484
GTCGGTAACTTGAA,-0.47484
CCAAGACATAGGAT,-0.47484
GCTAACTCGCTTCT,-0.47484
GGCTTTCGTGCGTT,-0.47484
TTAATTGGGGTCTC,-0.47484
CGTTAAAAAAGATG,-0.47484
AAGTCAGAAACGGT,-0.47484
GAGGTGCTATTTAA,-0.47484
GGGCAATAGTCATC,-0.47484
CTGTTATTGCCATA,-0.47484
ACTGTCACTTACCC,-0.47484
TGCCAGGTTGCCAA,-0.47484
CGGATCAGACCTTT,-0.47484
ATTTACCGACGATA,-0.47484
CGACCGTATTCACG,-0.47484
ATCCGTTCTATACT,-0.47484
CTTCATTCATCCCT,-0.47484
GTCTTTCTGGGGGG,-0.47484
CTCTTCTGTAGCTC,-0.47484
AATTCGCTAATCTT,-0.47484
CGCTATTTTCCTGA,-0.47484
GTGTTACCTCGGAT,-0.47484
TGCGCAGGCCGCGT,-0.47484
TTCAAGGCTTCTTC,-0.47484
CACACGGAAGTCCC,-0.47484
TGGTAGGCGTGTTC,-0.47484
GAAATAACTCATAT,-0.47484
GAACTTTTTTTGAG,-0.47484
CTTGGGCGGCGGGG,-0.47484
CATACGACGGAACA,-0.47484
AGTGCACAGATAAT,-0.47484
GAGGCCCAGCGGAG,-0.47484
GGCAGGTTAACCTA,-0.47484
CACTGTCAGCCGCT,-0.47484
ACCTCTAAAACATC,-0.47484
CCCTTCCAAAGCGG,-0.47484
CTTTCTTGCCGACT,-0.47484
GGGTCCGGGGTCAT,-0.47484
CGCACCGATTGGGG,-0.47484
CATTTGGCAAGCCG,-0.47484
ATGAGATTGGTCCT,-0.47484
GCCCCCGGTAGCAG,-0.47484
TGAGAGGCTAAGGC,-0.47484
CTCTCCTGCTGCCG,-0.47484
TTAAAAACCGATCT,-0.47484
GCCGGACGCACAGT,-0.47484
AATTCAATTTCGGA,-0.47484
CCGTAAAACACCGG,-0.47484
GCTTCTGTCGACCT,-0.47484
CACTGGACGTTGGT,-0.47484
GGGGGATAGGGTTC,-0.47484
AACGGTAGATTCAA,-0.47484
AGATGCTGATTTGC,-0.47484
CAGGGCAGGTCGTC,-0.47484
AGGCCAGATTGCGC,-0.47484
AGTCCGTCACACTA,-0.47484
ATAACGGCAGGGTG,-0.47484
GGTCATCATCGGGT,-0.47484
GTCTGGGACTCCCT,-0.47484
ACCACCCCACACCG,-0.47484
TTAAATAATGGCTA,-0.47484
TCCCTTTCGGCCAT,-0.47484
CACTCAAGGTAAAC,-0.47484
CAGTAAACGCTGTT,-0.47484
TCAACACGGCTCGC,-0.47484
CCGCGGGCGGTGGC,-0.47484
ACGTCTTCCCGAAA,-0.47484
GTCCCCAAGGGGAC,-0.47484
TTCTCACCGAGTCC,-0.47484
CGTGGGGGCTCGGT,-0.47484
GCTGCTTCGCAAAT,-0.47484
CGCCAGATAACTTT,-0.47484
GTTCGTCAAGAAGC,-0.47484
GATCTGCAGAACGT,-0.47484
AAACGCCCCTTACC,-0.47484
AGTGAAAAAATGGC,-0.47484
AACGAAAGCAAAAG,-0.47484
AGTGGCCTCTGTTC,-0.47484
ATACAGAAATGTCC,-0.47484
GTTAAAATCGGTGG,-0.47484
AACTGGCCCCTCAG,-0.47484
GTTTGTCTGACTCG,-0.47484
ATTCAAAAGGCTAC,-0.47484
TTCGACAATGATTT,-0.47484
CTATAAATCATGAG,-0.47484
TCCAGTCAATTGTG,-0.47484
TAGAATGTTAACGA,-0.47484
AATAGTCTGCCACG,-0.47484
TCTATTTCCTTGTT,-0.47484
GGGGGACAGTTTGG,-0.47484
TGTGTTTTCCTGGC,-0.47484
CATCAGGATAATGA,-0.47484
AAGGAGCCGACACG,-0.47484
TTCTACCACGCTCC,-0.47484
ATGCCTGGGTGGTT,-0.47484
TGTCCTCGTACCGG,-0.47484
ATAAGAAACAGATC,-0.47484
ATTTATTCGTCAGT,-0.47484
ATTGGTCTACGTCG,-0.47484
CATACTTCGGAATC,-0.47484
CTCAAAGGGGAGCC,-0.47484
GAATAGTTATTGGA,-0.47484
CTCCGTGCACCAAG,-0.47484
TTATTTGCTTACCT,-0.47484
TTCCTCCTAGCGGG,-0.47484
GCACCGCAGATATA,-0.47484
GAGGGATGACATGC,-0.47484
CTGTTATTCAGGAA,-0.47484
TTACACCTGATAAT,-0.47484
CAACGCCACCAAAA,-0.47484
CTAAGGTACTTCGG,-0.47484
AATAGTCCTGATCT,-0.47484
AGCCGAATTACGGA,-0.47484
CCGGCTGAACCCTT,-0.47484
ACCTCCGGACCCTA,-0.47484
CGTTCGCCTTATAC,-0.47484
GGAAAGTGGCGTGC,-0.47484
CACGCGCCAGGGCC,-0.47484
GCCTTGATTTCTAA,-0.47484
CGTCTTCGATCTGG,-0.47484
GGGTGTTGGTGGCT,-0.47484
AGAATTCAAAGCGG,-0.47484
CGTCTGTTGGGGCG,-0.47484
CGATAAACTCAGGT,-0.47484
CGTTATCGCCCAGA,-0.47484
CACACCTGTGGTCC,-0.47484
AGACTGGGACAAGT,-0.47484
GTTTTGGTAGATGG,-0.47484
CGGGGAAAGTTCGC,-0.47484
GTGAGAACGGATAT,-0.47484
CCAGTTACCCTGAC,-0.47484
CGGTTCGCCGTCGC,-0.47484
TCTCACGGTGGGGA,-0.47484
AGTCGTTAATCCGG,-0.47484
GTGAGTGTGGTGTT,-0.47484
CACCTCTATGGACA,-0.47484
GACAGGGCTTGCTC,-0.47484
GGGGCTTAAAACCT,-0.47484
GCGGCATGAGCCCA,-0.47484
TGTTTAATGGCCTA,-0.47484
CTTTTACAACAAAC,-0.47484
TAGTCTCAACCGAT,-0.47484
CGGGGTCACCATAT,-0.47484
CAAAACTATCCCGA,-0.47484
GGCTTGGGAGACCC,-0.47484
ACAATTTTAACTAA,-0.47484
GAACCAAACATCTG,-0.47484
GGGGGGATCTTTTG,-0.47484
AGAGCATTGTCTAA,-0.47484
AAATAAATTCTGGA,-0.47484
CCATTCCCCAACCC,-0.47484
TCTGCCCCCTGTCT,-0.47484
AGTTGATACGGTTT,-0.47484
GTAGGGGTGGGGAG,-0.47484
GTGTGAGGCGAATG,-0.47484
CTTGTGGTTGCAGA,0.73073
TGGTCCCAGGTCAC,0.87314
CTCACCGTCGCTCC,0.94817
AAAGATTCCTCGAG,0.96773
TCTTATAACGACTC,0.99952
CATTCTGAACACGT,1.0029
CTACTTATCTTCTC,1.0268
CATCGAACACCTAC,1.0312
TGATCGGCACGGAA,1.0404
CCAATGCAATCATT,1.0727
ATCGCCATTACCAC,1.0935
GCTTGCTATAAAGT,1.1119
CTGTAGAGTCCCTA,1.1156
TTGAGTCCACTCGC,1.1285
ACGGATGCATCGAC,1.1428
GACTCAAAAATTAA,1.1603
CAGGTCCATGGCTG,1.1622
ATGCTCGAATTGTA,1.1687
CAAGGAGGCAATGA,1.1717
ATACCCCGTTGTGG,1.1875
TTTGTTGTCAAGAC,1.2128
GCCCATCGCTCTCT,1.2133
GACGTCCGGCGATA,1.216
CGCAAGCGCCCGAT,1.2263
CTCCTCCACATAAT,1.2269
AACCCTTAGAGACT,1.2346
ACAAAATCCCCATA,1.2397
CGTACACAGGGCAA,1.2419
GACTCCCTTGAATC,1.2516
GCTAGTCGAACCAG,1.2602
CATCGTGGTTCTTG,1.2675
TCCTATAATCACAG,1.2737
TCGTCTTCACTTCC,1.2869
TTACGCAATGGACT,1.2881
AGGCCGATATAGAT,1.2979
TCCCCAAAATCATT,1.2991
CCACGTAGTCAAGC,1.3128
CACAGAATTCGAGG,1.3134
CTATATTCTTTGAA,1.3153
GACACCGGCATACC,1.3166
ATTCGAATATAGCC,1.332
ATTGACAAACTCGG,1.3579
CCCGGATATCAATG,1.3622
GTCCCGTTCAAACC,1.3667
ATAGTCCGCTGAGC,1.3667
GCCAGTAAATGGTC,1.3792
GCCTTATATATACT,1.3841
ATCCCACAAGGACC,1.4005
AGAACCTAGCATGC,1.4446
TCGAGCCCGTTGAC,1.4462
AGTTAGGGTTAATG,1.4556
AGTACTTGCTGAGG,1.4796
GCTGGGTCCGCCCC,1.4853
ATACATGTCAGGCT,1.5208
GTAATACGCCCCCG,1.5331
AACGGTGAACGGAT,1.5393
CAAGGAGTCTACCA,1.5438
GAAAAGCCCACAGC,1.5442
GTTTTTCGGGTTAT,1.5447
CTAGGTTTAGCAAG,1.5474
GCGGGACCATGTCG,1.5474
CAATTGGCTGGACA,1.5638
CCGTGATTTTCATT,1.5638
GTGCCTACCCAAAG,1.5685
CAATGACAGTTGCA,1.5718
CTAACCAGTCAGTC,1.5736
CTCGCATGCTATCT,1.575
TCTCTAATTTACAC,1.5826
TTCGACGGGACCCT,1.584
TCGACGGGAGATTG,1.5845
AGACTGACTCGAAT,1.5922
CGCAGACAGGGTGT,1.5941
TGTACGGGTGGTTC,1.6049
TAGTGTTCTGGGTC,1.6138
ATTCACGTAGCAAA,1.6208
TAAAGTTCTACTTT,1.6218
CGTTGACTTGAATT,1.6549
TACTGTTCCCAGGG,1.6575
TCATGCCGTAGGCG,1.6634
AACAGCTCAACTCA,1.6645
TTGCAAACGGCCAT,1.6666
TCATTGGATCAAGT,1.671
CAATAACCGGGTTT,1.672
CACCACACCTGGAA,1.6731
CCGAGGAACTCGGA,1.6753
GCCAGTGGTCATCA,1.6975
CACTAGAACACTGG,1.702
CCCACCGACTGACA,1.7032
ATCCTGGCAAGCTG,1.7032
GCATTCCTTTCTCT,1.7119
ATGATGAGACAATC,1.721
GTATGTTGAGTTCT,1.731
TGTCCGGGTAATGC,1.7357
GACAGTTAAACTCA,1.7429
AGTGACCCTATTGT,1.7534
CCGTCTGATTTGGT,1.7538
CCAGTCAAAGTCGC,1.7551
GACCAAATTTGAAG,1.7606
ACCATCGGTATGGG,1.7674
TAACGGGTGCCAGC,1.7699
GAGCTGACCCTATA,1.7712
ACTTGAGCGTGTCG,1.7737
TTGACGAGGAGATC,1.7775
ATACGAAAGAAATT,1.7903
TCTATAACTCTACG,1.7903
TGGTGATTAGCGTT,1.802
GCAGTGAAAAGTAG,1.8033
TAAGGCCCTCTTCA,1.8085
CGGAATTCTCGGTT,1.8099
AATAAGAGTACGAA,1.8192
ACGGTGGTAACTCT,1.8233
CCCGTGTGATATCT,1.8266
CTAATTTCTGGTAC,1.83
TTCCTAATGAGGAG,1.8383
TTAACAGACATACA,1.8397
GTCAAACCGCCTCA,1.848
ATTGACCAGGCGCA,1.8593
GATCAACTGAACAT,1.8593
AAAAAAACCATACT,1.8665
CCAGTGTACCGCTC,1.8669
AAGTGAGTGACCTT,1.8766
AGTGAGTCGGATGG,1.8884
TTGCGCGTTGTTCG,1.8898
ATTTGTAAGCTTGT,1.8913
TGCGGGTGCTCGTC,1.8913
ATGTGGAGGAGCTG,1.8918
AATGCTATAGCAAC,1.9049
ACACAGGATGATGT,1.9156
TCTTCCCAGTCCCA,1.9187
TAGTTAATATGACT,1.9187
AATTTACAACACGC,1.9249
AGTCCCCTGTTAGG,1.9264
CCGGAGAGAGTTTG,1.9296
GGCTTAATGCTAAG,1.9431
ATCAACAATACCCC,1.9439
GTTACTTTAATACG,1.9503
AACCCGAACTCGTC,1.9519
AACGGTCCCGTTAT,1.9544
GTTTCAATCCACTT,1.956
TATGTACCACCAGA,1.9601
CAGTCCGGGCACGC,1.9617
CGGGCCGAAGTCTT,1.9683
CAGGCAAAGACGTG,1.9683
TGAAGTTCGAACAG,1.9692
CCAGACCCGTTCAC,1.9742
TCGCCCGAGAAGAG,1.975
ATATAGGCGATAGA,1.9775
GAAAGAGGTCTTGA,1.9784
GTAGGCCTTACGGA,1.9826
GGCTGGCTTTCGTG,1.9846
GCAACAACCCAATT,1.9946
ATATCAAGCGAAAA,2.0023
TTAACCTACGATGC,2.0054
TTGTACTAAGTTTC,2.0102
GAGAGTCCCAAACC,2.0164
AGAGGTCCTCCCAC,2.0209
AAGATGGCGTTTAG,2.0262
TCAACAGATCAAGC,2.0326
CGGCTTCGTTCGGG,2.0491
ACAAGTCCGGATGG,2.051
GCTTACCACCGTCA,2.0528
ATTTGCAAGATAAT,2.0547
CGTGCGGAGGGTGA,2.0747
ACTTTGGTTTTGTC,2.0756
TCATTTAGCCCGCC,2.0756
GGGGAGCTTTATAC,2.0861
CCGCCCGGCAGAAT,2.0879
GACATGTCTACAGC,2.0883
ACCTAGTCAATAGT,2.0912
AGGTAGCCCTAGTT,2.0981
AGCTTACTTGTGAT,2.0991
CGTGGTGTGTTTAC,2.1128
GACTGAACCTAGAG,2.1359
GCGGCTTTATCGCA,2.138
ACTCTACTGTCAGC,2.1422
TGTGTACAGCCTCC,2.1458
CCACATACGTCCGA,2.15
TGTGTGGTTACTGA,2.1572
CACGAGGCAGTTTA,2.1703
CTATTCCTGTCACA,2.1747
TGGACAGGAACAAG,2.1858
ACGTTGTGCACTAT,2.1881
CCTTGGAATAAATA,2.1898
TCGCTAACTGGTAC,2.1949
CTCGCAACCCTGTA,2.2033
AGGGGCTACTAACG,2.2036
GTATGACGCAGACA,2.2086
ATGTAAGGAGATTT,2.2098
CCACGAATCTGGAA,2.211
GCTTAATATAATCA,2.2156
AGCTGAATACCCTA,2.2168
CACTAAATAGTTCA,2.2266
AACCGGGGGCCAGG,2.2314
ACCTTCCATCCTCT,2.235
TTCCCATGAGATAT,2.2386
AAGCTCTTGTACTG,2.2418
TGCTGTCGATGACT,2.2479
GATGCCCGAGCAGT,2.2565
TCAAGAGGAGACGT,2.2565
ATTTGTTTCAGTTT,2.259
TCTCCTTCCTCGTT,2.2615
CTACAAACCCATCG,2.264
GCGGATAGTACCGT,2.2653
TCACTTTATGGGAT,2.2665
ACCGCCTACACAAC,2.3104
GGGATGGGACTGTA,2.3131
CTTGCAAAAGACTT,2.3185
AGTCCGTGCATCTC,2.328
TAATTGGCACGTGA,2.3293
ACAATAACCGGTTA,2.3348
GTTGGCCACTTATA,2.3404
GTAAGTAAGCATGA,2.3445
GTGCTAAGCGATAC,2.3445
GTTTTAATGACGGG,2.345
GTCTCTTCGTACCA,2.3522
CAGTAACTACACGG,2.3672
ACTCGCCAATTGCT,2.3817
CACCCCATGAACAG,2.3822
AGGAGGGAAAAGCC,2.3854
CTAAAAAAGATCTT,2.3891
AATCCACCATTAAG,2.3921
GTCTTTTTCTTGTA,2.3943
GGATTGCCTTTTGG,2.3966
CGTTCCCCCAGTAT,2.4026
CCGACCGCCCCGTA,2.4041
TTGTTCGTTATAAT,2.4194
AAAGTCCCCGACCT,2.4209
TCAAGGCCGCCAAA,2.4287
ACGATATGGTTGGA,2.4295
GGTATAACACCACG,2.4312
ATCGATAACTTCAG,2.4318
CTCTCTAGCCGCCT,2.4362
GTGCCTGATATGGT,2.4413
CGACATCTACCAGG,2.4488
GCCCGTACTTCGCC,2.4705
CTCCCAGTGGCGTC,2.4725
TCGGTAGGAGGGTA,2.4738
ACTGAACACGCTCC,2.4749
AGGACTTTGCAAGT,2.476
TATCAGCTCCGACT,2.494
ACACACTGATTGTG,2.5183
CGAACGGAATATAG,2.5189
AAACGTGTTTGATA,2.5228
CAGCGGGATTACAG,2.5308
ATGATAAAACCCGA,2.532
AAACCGGTGTTATT,2.5326
CTGGACTGCAATAA,2.5344
TTCTATATTAACCA,2.5362
GCGAGTATCCGTGC,2.5471
AAGCGTATGGAACG,2.5508
TCGGAATTTGCAGG,2.5545
GTCTGTGTGTACGT,2.562
CAATCTCACCGGCG,2.5657
TCGACTGGGTTGTA,2.5756
GCGACCAGACCTAC,2.5758
TCTCAACTAACGGC,2.5848
GAAAAACTCGGGGG,2.5886
AACGCATACTTTCT,2.5894
GACAGGTGTGCGGG,2.5906
GTGGGCAACCCTGG,2.5912
GTTGCGGTTGGCCC,2.6004
CGTGAGTCATTCCT,2.6096
TTCGGCCCTGCTTT,2.615
ACTGCCTAGGGTCA,2.6285
ACCGAAAACTAGTA,2.6298
TACACAAATAAAGG,2.6377
GGCCAAAGCGACAC,2.645
CACTAGCAATGGTT,2.6742
TGCATAAACTCGGA,2.6881
GTCTTGATTGCTGA,2.6887
ACACCAATACACGA,2.6918
TGGCCCGGTGGCGA,2.697
GGTCATCGCGATGG,2.7136
TCGTTCAAGGATAC,2.7151
CAAACCAGGGTAGA,2.7221
ATGTTTTGAGCCTC,2.7275
GGTTTGTGACATTG,2.7309
AGGCGTCACGTTAT,2.7385
CCTAGGAGATCTTC,2.7408
CGCCTTATTGCTCG,2.7504
TAGTATATTAAATT,2.7577
GTGATGGTCACGCT,2.7712
CTTGAACACCTGAT,2.7724
AGCTGTCGGGTGGA,2.7824
TAACTTGGGTAAAA,2.7841
CATCTCCTTTCATG,2.7956
ACTAAATCTGAGAA,2.8027
AATGTCCAAGCTCA,2.8166
TAGCTCAGGAATCA,2.8344
GGCCTATGTTGAGC,2.8425
GGCGAGCACTGGGG,2.8452
TTAACCGGGGCCGA,2.8452
ACTATCCTGTACCT,2.8507
GTCGTGGGAACAGC,2.8544
TTGACCCAGGTTCC,2.8571
AAGGGAATACTGAT,2.8604
CTTGGGGCGAAGGC,2.864
CAGAAGCCGTATGT,2.8873
CGTACAATTAATTA,2.9168
TTAAAGTGACAAGC,2.9168
TTGCGTGTTAATGA,2.9307
AAGTAGTGATACTC,2.9443
GTGTGATGATCATG,3.007
TTCGCCTGGGTCAA,3.1195
CATATTTCGTTAAG,3.1205
GAGAGTTCAGTGTC,3.1224
ACTTCGTGGAGCTC,3.1646
AGGGGCCGGTATCT,3.1908
CGTAGTTTAGAAGA,3.1968
CATGGTAGGAGTCC,3.2461
CACCTGGCTGCCGC,3.2568
AGAAAGATGCGAAG,3.2681
CACGTTCGTGCTCC,3.2809
AACACTGACAATGC,3.3001
ACGGGAAGGAAAGC,3.322
ACGATTATTCTTCA,3.3267
CTACCCCATCATTA,3.3502
AATTAGATGCAGGT,3.3855
CCGGTTAACTGTGG,3.5154
CGAGGGGGTTGGGG,3.658